<?xml version="1.0" encoding="UTF-8"?>
<module codename="org.clothocad.tool.puppetshow">
    <module_version install_time="1317161524878" last="true" origin="installer" specification_version="1.0">
        <file crc="3394655928" name="config/Modules/org-clothocad-tool-puppetshow.xml"/>
        <file crc="917067648" name="modules/ext/ResourceManager_Netbeans.jar"/>
        <file crc="2338484413" name="modules/ext/collections-generic-4.01.jar"/>
        <file crc="2940920719" name="modules/ext/colt-1.2.0.jar"/>
        <file crc="2325472648" name="modules/ext/concurrent-1.3.4.jar"/>
        <file crc="308046225" name="modules/ext/j3d-core-1.3.1.jar"/>
        <file crc="3876287963" name="modules/ext/json_simple-1.1.jar"/>
        <file crc="1410558805" name="modules/ext/jung-3d-2.0.1.jar"/>
        <file crc="563057351" name="modules/ext/jung-3d-demos-2.0.1.jar"/>
        <file crc="3070653165" name="modules/ext/jung-algorithms-2.0.1.jar"/>
        <file crc="3523564667" name="modules/ext/jung-api-2.0.1.jar"/>
        <file crc="3461622877" name="modules/ext/jung-graph-impl-2.0.1.jar"/>
        <file crc="3693793251" name="modules/ext/jung-io-2.0.1.jar"/>
        <file crc="2625702007" name="modules/ext/jung-jai-2.0.1.jar"/>
        <file crc="2146390339" name="modules/ext/jung-jai-samples-2.0.1.jar"/>
        <file crc="1945901474" name="modules/ext/jung-samples-2.0.1.jar"/>
        <file crc="2896351221" name="modules/ext/jung-visualization-2.0.1.jar"/>
        <file crc="2296454245" name="modules/ext/org-openide-util.jar"/>
        <file crc="718358633" name="modules/ext/stax-api-1.0.1.jar"/>
        <file crc="3958856945" name="modules/ext/vecmath-1.3.1.jar"/>
        <file crc="3563022913" name="modules/ext/wstx-asl-3.2.6.jar"/>
        <file crc="2052164622" name="modules/org-clothocad-tool-puppetshow.jar"/>
    </module_version>
</module>
