<?xml version="1.0" encoding="UTF-8"?>
<module codename="org.clothocad.tool.spectacles">
    <module_version install_time="1317161527143" last="true" origin="installer" specification_version="1.0">
        <file crc="2873527528" name="config/Modules/org-clothocad-tool-spectacles.xml"/>
        <file crc="1399018488" name="modules/ext/Eugene.jar"/>
        <file crc="1099947715" name="modules/ext/antlr-runtime-3.1.3.jar"/>
        <file crc="25730862" name="modules/ext/org-netbeans-api-visual.jar"/>
        <file crc="2296454245" name="modules/ext/org-openide-util.jar"/>
        <file crc="1257829843" name="modules/ext/substance.jar"/>
        <file crc="589825288" name="modules/org-clothocad-tool-spectacles.jar"/>
    </module_version>
</module>
