<?xml version="1.0" encoding="UTF-8"?>
<module codename="org.clothocad.tool.cello">
    <module_version install_time="1317161532663" last="true" origin="installer" specification_version="1.0">
        <file crc="3180105422" name="config/Modules/org-clothocad-tool-cello.xml"/>
        <file crc="2881703714" name="modules/ext/antlr-3.3-complete.jar"/>
        <file crc="2338484413" name="modules/ext/collections-generic-4.01.jar"/>
        <file crc="3070653165" name="modules/ext/jung-algorithms-2.0.1.jar"/>
        <file crc="3523564667" name="modules/ext/jung-api-2.0.1.jar"/>
        <file crc="3461622877" name="modules/ext/jung-graph-impl-2.0.1.jar"/>
        <file crc="2896351221" name="modules/ext/jung-visualization-2.0.1.jar"/>
        <file crc="2296454245" name="modules/ext/org-openide-util.jar"/>
        <file crc="1223840740" name="modules/org-clothocad-tool-cello.jar"/>
    </module_version>
</module>
