<?xml version="1.0" encoding="UTF-8"?>
<module codename="org.clothocad.tool.trumpet">
    <module_version install_time="1317161523384" last="true" origin="installer" specification_version="1.0">
        <file crc="245512618" name="config/Modules/org-clothocad-tool-trumpet.xml"/>
        <file crc="2338484413" name="modules/ext/collections-generic-4.01.jar"/>
        <file crc="2940920719" name="modules/ext/colt-1.2.0.jar"/>
        <file crc="2325472648" name="modules/ext/concurrent-1.3.4.jar"/>
        <file crc="3070653165" name="modules/ext/jung-algorithms-2.0.1.jar"/>
        <file crc="3523564667" name="modules/ext/jung-api-2.0.1.jar"/>
        <file crc="3461622877" name="modules/ext/jung-graph-impl-2.0.1.jar"/>
        <file crc="2896351221" name="modules/ext/jung-visualization-2.0.1.jar"/>
        <file crc="575095422" name="modules/org-clothocad-tool-trumpet.jar"/>
    </module_version>
</module>
